{"cameraMode":{"drawMode":0,"name":"Shaded","section":"Shading Mode"},"sceneLighting":true,"audioPlay":false,"sceneViewState":{"m_AlwaysRefresh":false,"showFog":true,"showSkybox":true,"showFlares":true,"showImageEffects":true,"showParticleSystems":true,"showVisualEffectGraphs":true,"m_FxEnabled":true},"in2DMode":false,"pivot":{"x":-0.674328625202179,"y":1.1492042541503907,"z":0.25781315565109255},"rotation":{"x":-0.023305244743824006,"y":-0.029414527118206025,"z":0.0005560843856073916,"w":-0.9994439482688904},"size":1.2511221170425416,"orthographic":false}