{"cameraMode":{"drawMode":0,"name":"Shaded","section":"Shading Mode"},"sceneLighting":true,"audioPlay":false,"sceneViewState":{"m_AlwaysRefresh":false,"showFog":true,"showSkybox":true,"showFlares":true,"showImageEffects":true,"showParticleSystems":true,"showVisualEffectGraphs":true,"m_FxEnabled":true},"in2DMode":false,"pivot":{"x":-2.033315420150757,"y":3.0852794647216799,"z":5.903505325317383},"rotation":{"x":0.03968173637986183,"y":0.018572082743048669,"z":0.0005710229743272066,"w":-0.9991875886917114},"size":11.186697959899903,"orthographic":false}